run,mode,items,failed,wer,wer_folded,cer,rtf_p50,rtf_p95,final_ms_p50,final_ms_p95,partial_ms_p50,cpu_per_audio_s,throughput_x,peak_rss_mb,ser_accuracy,ser_macro_f1,angry_recall
canary-lid.fleurs-en.file,file,200,0,0.0849,0.0849,0.049,0.2022,0.3826,,,,0.4598,19.3379,2338.2344,,,
canary-lid.fleurs-es.file,file,200,0,0.0748,0.0718,0.0435,0.1937,0.3039,,,,0.425,20.3041,2554.2031,,,
canary-lid.fleurs-es.live1,live,20,0,0.0731,0.0731,0.0482,0.9975,1.0558,966.3896,1441.8133,,0.3291,0.9844,1737.5312,,,
canary-lid.fleurs-es.live4,live,20,0,0.0731,0.0731,0.0482,0.9975,1.0582,967.0154,1553.1384,,0.3389,3.7537,1986.0703,,,
canary.fleurs-en.file,file,200,0,0.0849,0.0849,0.049,0.193,0.367,,,,0.4168,20.0308,1961.4258,,,
canary.fleurs-es.file,file,200,0,0.0743,0.0712,0.0436,0.1971,0.3279,,,,0.4117,19.9843,2026.6016,,,
canary.fleurs-es.live1,live,20,0,0.071,0.071,0.0456,0.9977,1.0408,882.2573,1316.1687,,0.3221,0.9888,1422.3398,,,
canary.fleurs-es.live4,live,20,0,0.071,0.071,0.0456,0.9976,1.0438,894.4712,1435.9431,,0.3267,3.7762,1643.2734,,,
cohere.fleurs-en.file,file,200,0,0.0658,0.0656,0.0342,0.3108,0.5099,,,,0.8643,12.8747,5602.9141,,,
cohere.fleurs-es.file,file,200,0,0.0601,0.0549,0.0387,0.327,0.5193,,,,0.9511,11.6818,5852.5625,,,
cohere.fleurs-es.live1,live,20,0,0.0564,0.0522,0.0369,0.998,1.1024,1299.2095,1950.7306,,0.5001,0.9704,4175.5117,,,
cohere.fleurs-es.live4,live,20,0,0.0564,0.0522,0.0369,1.0537,1.1245,1435.1424,2520.4176,,0.5309,3.6606,5069.3008,,,
gtcrn.fleurs-en.file,file,200,0,0.1295,0.1295,0.08,0.2211,0.2998,,,,0.4615,18.2897,2294.2578,,,
gtcrn.fleurs-es.file,file,200,0,0.0892,0.0871,0.0577,0.2047,0.2805,,,,0.4475,19.3244,2268.6094,,,
gtcrn.fleurs-es.live1,live,20,0,0.0835,0.0814,0.0587,0.9971,1.0234,704.5401,935.0996,1035.847,0.4394,0.9984,1636.5273,,,
gtcrn.fleurs-es.live4,live,20,0,0.0835,0.0814,0.0587,0.9981,1.0236,746.1957,1065.603,1045.885,0.4381,3.7929,1854.3672,,,
kroko.fleurs-en.file,file,200,0,0.1265,0.1265,0.0713,0.1435,0.2803,,,,0.1666,26.7428,1556.8125,,,
kroko.fleurs-es.file,file,200,0,0.0865,0.0848,0.0573,0.1472,0.2347,,,,0.173,27.4344,1615.0547,,,
kroko.fleurs-es.live1,live,20,0,0.0647,0.0605,0.0409,0.9967,1.0164,692.5186,953.5049,1156.6991,0.1795,1.0001,1129.1797,,,
kroko.fleurs-es.live4,live,20,0,0.0647,0.0605,0.0409,0.9975,1.0319,705.4131,999.5043,1152.3632,0.1753,3.7948,1347.082,,,
nemotron-1120.fleurs-en.file,file,200,0,0.114,0.114,0.0684,0.2132,0.3198,,,,0.4431,19.0083,2036.8945,,,
nemotron-1120.fleurs-es.file,file,200,0,0.0844,0.0827,0.0543,0.1939,0.2547,,,,0.4061,20.7314,2098.4141,,,
nemotron-1120.fleurs-es.live1,live,12,0,0.0653,0.0653,0.0355,0.997,1.0205,738.7539,1023.6498,1036.5041,0.3714,0.9971,1564.1641,,,
nemotron-1120.fleurs-es.live4,live,12,0,0.0653,0.0653,0.0355,0.9978,1.0204,755.825,947.1894,1042.5288,0.3629,3.2331,1741.6523,,,
nemotron-160.fleurs-en.file,file,200,0,0.1284,0.1284,0.0759,0.7876,1.0476,,,,1.6475,5.0059,2030.5898,,,
nemotron-160.fleurs-es.file,file,200,0,0.0882,0.085,0.0523,0.6394,0.7839,,,,1.3802,6.1627,2097.8594,,,
nemotron-160.fleurs-es.live1,live,12,0,0.0584,0.0584,0.0308,0.9978,1.0438,1026.7283,1225.8674,648.5305,1.3761,0.9877,1623.1758,,,
nemotron-160.fleurs-es.live4,live,12,0,0.0584,0.0584,0.0308,0.9991,1.0405,1216.1347,1382.2174,777.2362,1.3504,3.2039,1789.5234,,,
nemotron-560.fleurs-en.file,file,200,0,0.117,0.117,0.0698,0.2835,0.406,,,,0.6292,14.2145,1997.0469,,,
nemotron-560.fleurs-es.file,file,200,0,0.0884,0.0861,0.055,0.2575,0.362,,,,0.5984,15.1012,2084.4102,,,
nemotron-560.fleurs-es.live1,live,12,0,0.0584,0.0584,0.0337,0.9964,1.0194,741.4253,1016.9584,1010.1165,0.5228,0.9971,1604.1484,,,
nemotron-560.fleurs-es.live4,live,12,0,0.0584,0.0584,0.0337,0.9976,1.0195,792.2275,1011.8812,1008.9313,0.5215,3.2266,1766.4141,,,
noagc-nemotron-1120.fleurs-en.file,file,200,0,0.2282,0.2282,0.1599,0.2066,0.3026,,,,0.4301,19.1893,2072.7617,,,
noagc-nemotron-1120.fleurs-es.file,file,200,0,0.0859,0.0842,0.0566,0.2013,0.2697,,,,0.4097,20.1745,2058.25,,,
noagc-nemotron-1120.fleurs-es.live1,live,12,0,0.0481,0.0481,0.0266,0.9958,1.0177,726.3614,1019.5178,1023.1084,0.357,0.998,1562.8438,,,
noagc-nemotron-1120.fleurs-es.live4,live,12,0,0.0481,0.0481,0.0266,0.9971,1.0184,736.8553,970.0003,1008.8431,0.3565,3.2329,1745.4609,,,
noagc.fleurs-en.file,file,200,0,0.2249,0.2249,0.1548,0.2565,0.3447,,,,0.5663,15.5649,2065.7812,,,
noagc.fleurs-es.file,file,200,0,0.0871,0.0844,0.0537,0.2593,0.3398,,,,0.5854,15.4535,2059.0117,,,
noagc.fleurs-es.live1,live,12,0,0.0619,0.0619,0.0325,0.9958,1.0186,746.9755,1011.873,989.291,0.5128,0.996,1585.6797,,,
noagc.fleurs-es.live4,live,12,0,0.0619,0.0619,0.0325,0.9978,1.0207,751.8146,1020.4186,994.2192,0.4883,3.2219,1753.5508,,,
noser.fleurs-en.file,file,200,0,0.117,0.117,0.0698,0.1924,0.2473,,,,0.3462,20.6961,1219.8438,,,
noser.fleurs-es.file,file,200,0,0.0869,0.0846,0.0528,0.1781,0.2082,,,,0.3258,22.2863,1258.9297,,,
noser.fleurs-es.live1,live,12,0,0.0584,0.0584,0.0337,0.9957,0.9982,623.165,710.5948,1011.0219,0.3727,1.0031,1012.1758,,,
noser.fleurs-es.live4,live,12,0,0.0584,0.0584,0.0337,0.9957,0.9983,639.2056,708.5464,1007.8868,0.3525,3.275,1097.2695,,,
parakeet.crema.file,file,400,0,,,,0.1489,0.2069,,,,0.2668,27.211,2222.6484,0.6575,0.6546,0.8769
parakeet.fleurs-en.file,file,200,0,0.0814,0.0814,0.0475,0.1579,0.3121,,,,0.2645,24.4461,2740.3438,,,
parakeet.fleurs-es.file,file,200,0,0.0448,0.0429,0.0241,0.1625,0.2457,,,,0.2539,24.8764,2813.4492,,,
parakeet.fleurs-es.live1,live,12,0,0.0378,0.0378,0.0201,0.9978,1.0277,760.1047,1021.3833,,0.2603,0.9958,2227.2305,,,
parakeet.fleurs-es.live4,live,12,0,0.0378,0.0378,0.0201,0.9977,1.0238,806.2146,1072.5655,,0.2858,3.2141,2442.6641,,,
parakeet.mesd.file,file,129,0,0.7597,0.6512,0.4307,0.1407,0.2431,,,,0.2926,29.8796,2058.2266,0.2481,0.3152,0.3333
ser-large.crema.file,file,400,0,,,,0.2106,0.2897,,,,0.3378,19.1554,2612.7188,0.7375,0.7413,0.8
ser-large.mesd.file,file,129,0,0.7597,0.6512,0.4307,0.1502,0.3858,,,,0.3382,22.1162,2454.1367,0.2016,0.2794,0.2222
spin-nemotron-1120.fleurs-en.file,file,200,0,0.2282,0.2282,0.1599,0.2622,0.4377,,,,0.933,14.9521,2072.5703,,,
spin-nemotron-1120.fleurs-es.file,file,200,0,0.0848,0.0831,0.0556,0.272,0.4087,,,,0.9391,14.6414,2092.7031,,,
spin-nemotron-1120.fleurs-es.live1,live,12,0,0.0481,0.0481,0.0266,0.9978,1.0249,820.6944,1071.3381,998.7123,2.732,0.9941,1566.3945,,,
spin-nemotron-1120.fleurs-es.live4,live,12,0,0.0481,0.0481,0.0266,0.9978,1.0371,930.5929,1367.3803,1019.4532,2.069,3.1914,1802.5898,,,
ten.fleurs-en.file,file,200,0,0.1479,0.1479,0.0966,0.2596,0.3531,,,,0.5569,15.4777,1968.3125,,,
ten.fleurs-es.file,file,200,0,0.0838,0.0819,0.0503,0.2719,0.3744,,,,0.6011,14.4016,2023.4062,,,
ten.fleurs-es.live1,live,12,0,0.0584,0.0584,0.0313,1.0007,1.0197,792.3724,991.2349,950.0042,0.4754,0.9935,1672.7539,,,
ten.fleurs-es.live4,live,12,0,0.0584,0.0584,0.0313,0.9986,1.0195,768.031,1039.1727,968.3734,0.47,3.2154,1871.4688,,,
threads1.fleurs-en.file,file,200,0,0.117,0.117,0.0698,0.4803,0.7653,,,,0.4007,8.1866,2011.1094,,,
threads1.fleurs-es.file,file,200,0,0.0869,0.0846,0.0528,0.4582,0.6691,,,,0.3755,8.596,2081.0039,,,
threads1.fleurs-es.live1,live,12,0,0.0584,0.0584,0.0337,0.9978,1.0834,1238.8179,1963.1925,1096.3219,0.3762,0.9705,1624.4688,,,
threads1.fleurs-es.live4,live,12,0,0.0584,0.0584,0.0337,1.0042,1.1114,1410.1577,2084.7668,1098.7308,0.3809,3.1112,1768.332,,,
whisper.fleurs-en.file,file,200,0,0.0564,0.0562,0.0282,0.5852,0.8168,,,,1.5319,7.1101,4277.4453,,,
whisper.fleurs-es.file,file,200,0,0.049,0.0471,0.0284,0.584,0.8142,,,,1.6796,6.8624,4509.9492,,,
whisper.fleurs-es.live1,live,20,0,0.048,0.0438,0.0264,1.0934,1.201,2139.092,3272.8889,,0.9526,0.9145,2671.8516,,,
whisper.fleurs-es.live4,live,20,0,0.048,0.0438,0.0264,1.1891,1.2715,2802.7592,4040.388,,1.1003,3.3408,3067.6836,,,
